{
  "employee": [
    {
      "id": 1,
      "name": "pavan",
      "experience": "2 years"
    },
    {
      "id": 2,
      "name": "pavan",
      "experience": "2 years"
    },
    {
      "id": 4,
      "name": "pavan",
      "experience": "2 years"
    },
    {
      "id": 6,
      "name": "pavan",
      "experience": "2 years"
    },
    {
      "id": 7,
      "name": "pavan",
      "experience": "2 years"
    },
    {
      "id": 8,
      "name": "pavan",
      "experience": "2 years"
    },
    {
      "id": 9,
      "name": "pavan",
      "experience": "2 years"
    },
    {
      "id": 10,
      "name": "pavan",
      "experience": "2 years"
    }
  ]
}